,airport name,arriving_flight_count,arrival_delayed_15_minutes_more,carrier_delay_count,weather_delay_count,nas_delay_count,security_delay_count,late_aircraft_count,arrival_cancelled_count,arrival_diverted_count,arrival_delay_minutes,carrier_delay_minutes,weather_delay_minutes,nas_delay_minutes,security_delay_minutes,late_aircraft_delay_minutes,percent_late
0, Aberdeen Regional,1457,124.0,92.0,24.0,7.0,0.0,1.0,30,6,10498,7600,2674,169,0,55,8.51063829787234
1, Abilene Regional,4120,474.0,172.4,41.23,117.00999999999999,0.0,143.32999999999998,130,5,32468,12668,5555,5790,0,8455,11.504854368932039
2, Abraham Lincoln Capital,1897,207.0,76.38,20.56,54.2,0.53,55.33,73,11,15600,7686,2313,2086,10,3505,10.911966262519767
3, Adak,209,74.0,10.26,4.83,29.19,2.88,26.82,20,2,3002,520,282,985,102,1113,35.406698564593306
4, Akron-Canton Regional,4963,896.0,315.6,35.519999999999996,209.77,6.91,328.19,144,2,64295,22020,4168,7613,217,30277,18.053596614950635
5, Albany International,16097,2427.0,1141.88,113.31,459.8,6.78,705.15,768,40,142990,65740,12298,18245,519,46188,15.077343604398335
6, Albert J Ellis,5334,598.0,215.98,53.99,156.94,2.52,168.54,113,13,38399,12157,8729,5083,116,12314,11.211098612673416
7, Albuquerque International Sunport,32387,4923.0,2222.28,242.02,670.41,14.33,1773.98,1339,37,287826,127090,19289,24791,546,116110,15.200543427918609
8, Alexandria International,4716,529.0,198.88,38.89,183.51,0.61,107.03999999999999,146,28,32691,11531,5441,7254,14,8451,11.21713316369805
9, Alpena County Regional,1218,160.0,112.76,37.19,7.07,0.0,2.99,19,4,15134,9541,3936,636,0,1021,13.136288998357964
10, Appleton International,8544,1003.0,372.71,82.96,318.44,4.35,224.54,279,35,59716,24221,9844,10606,119,14926,11.739232209737828
11, Arnold Palmer Regional,1735,255.0,101.42999999999999,11.92,71.86,2.4699999999999998,67.3,54,5,16130,6606,553,4004,79,4888,14.697406340057636
12, Asheville Regional,14519,2454.0,738.7,151.72,668.38,7.94,887.29,858,57,167156,52784,15911,32266,451,65744,16.901990495213166
13, Aspen Pitkin County Sardy Field,10773,2540.0,1301.88,243.17000000000002,400.24,2.0,592.72,824,264,225865,102773,34027,32838,181,56046,23.5774621739534
14, Atlantic City International,5099,806.0,270.93,41.08,264.73,30.35,198.91,158,12,50390,14654,2614,16600,1293,15229,15.807020984506767
15, Augusta Regional at Bush Field,7064,700.0,258.74,45.83,170.37,1.68,223.37,169,10,45855,14332,6671,6618,93,18141,9.909399773499434
16, Austin - Bergstrom International,100253,15699.0,6342.01,439.04,3954.99,57.08,4905.89,3854,288,862645,366612,38819,149569,2227,305418,15.659381764136734
17, Baltimore/Washington International Thurgood Marshall,146975,17670.0,6370.59,505.65000000000003,4150.32,100.83,6542.56,6733,220,938785,336061,38989,176341,4491,382903,12.022452798094914
18, Bangor International,5809,878.0,309.08,49.86,252.89000000000001,1.62,264.6,216,23,56622,21439,4055,10369,39,20720,15.114477534859699
19, Barkley Regional,1403,198.0,137.09,10.36,10.2,0.0,40.36,59,4,14416,10111,1581,431,0,2293,14.112615823235922
20, Barnstable Municipal-Boardman/Polando Field,140,27.0,21.310000000000002,1.0,2.13,0.0,2.56,8,0,3141,2579,31,56,0,475,19.28571428571429
21, Baton Rouge Metropolitan/Ryan Field,9009,1117.0,390.35,75.65,323.92,7.72,319.35,356,15,63651,22901,7799,10994,399,21558,12.398712398712398
22, Bellingham International,3335,358.0,130.75,7.87,78.35,3.9,137.14,284,5,23630,8835,394,3832,168,10401,10.734632683658171
23, Bemidji Regional,1418,124.0,92.65,25.0,6.140000000000001,0.0,0.21,30,7,11802,7938,3645,209,0,10,8.744710860366714
24, Bert Mooney,1329,122.0,81.16,34.98,4.48,0.0,1.37,19,15,11399,7593,3577,201,0,28,9.179834462001505
25, Bethel Airport,1200,153.0,62.65,11.97,41.91,1.94,34.54,32,3,7515,2979,855,1316,60,2305,12.75
26, Bill and Hillary Clinton Nat Adams Field,19148,2864.0,1106.04,154.26,693.0,10.16,900.51,756,28,156550,57386,14701,26190,440,57833,14.957175684144557
27, Billings Logan International,8869,1133.0,571.59,82.88,217.62,1.71,259.21,190,27,63828,31395,7578,7776,66,17013,12.77483369038223
28, Birmingham-Shuttlesworth International,25413,4176.0,1725.94,202.44,978.6,7.96,1261.14,971,57,248589,98050,18933,38823,328,92455,16.43253452957148
29, Bishop Airport,39,18.0,13.0,1.0,0.0,0.0,4.0,4,0,1051,877,22,0,0,152,46.15384615384615
30, Bishop International,5403,881.0,284.4,55.589999999999996,335.05,4.37,201.65,181,19,46338,15944,5428,11599,116,13251,16.305756061447344
31, Bismarck Municipal,7509,1000.0,560.43,82.41,118.39999999999999,1.02,237.81,236,26,73282,40294,10723,4288,23,17954,13.317352510320948
32, Blue Grass,12136,1430.0,562.95,85.39,406.96,5.46,369.24,412,29,92895,39690,10417,17115,301,25372,11.783124588002638
33, Bob Hope,37325,4947.0,2045.91,89.48,732.3100000000001,18.26,2060.98,2254,128,274760,115521,8079,31060,814,119286,13.253851306095111
34, Boise Air Terminal,39802,5206.0,2561.68,324.92,745.16,9.51,1564.85,758,44,303674,146845,25595,29826,589,100819,13.079744736445406
35, Bozeman Yellowstone International,17637,2553.0,1175.4,152.67,602.76,5.59,616.58,409,59,141025,66012,13655,22248,402,38708,14.475250893009015
36, Bradley International,36255,5962.0,2550.04,264.98,1383.71,42.66,1720.72,1351,43,362227,151722,25219,56514,1626,127146,16.44462832712729
37, Brainerd Lakes Regional,1237,90.0,66.79,17.0,6.21,0.0,0.0,22,1,12302,10290,1753,259,0,0,7.275666936135812
38, Branson Airport,134,18.0,4.49,0.16,6.22,0.0,7.14,1,1,851,180,22,263,0,386,13.432835820895523
39, Brownsville South Padre Island International,3272,378.0,137.89,29.13,104.76,0.0,106.18,107,5,21974,8219,2816,4107,0,6832,11.552567237163816
40, Brunswick Golden Isles,1842,133.0,75.68,13.27,26.67,0.0,17.4,30,8,8571,4918,1177,1389,0,1087,7.220412595005429
41, Buffalo Niagara International,27200,3998.0,1769.19,159.89,796.98,15.19,1256.74,1329,38,244254,102633,17753,32560,533,90775,14.698529411764705
42, Burlington International,9142,1155.0,431.65999999999997,71.27,299.95,2.55,349.61,389,22,73358,25989,8241,13599,149,25380,12.633996937212864
43, California Redwood Coast Humboldt County,2932,401.0,253.19,37.34,15.52,0.0,94.94,119,29,31228,14506,7542,1870,0,7310,13.676671214188268
44, Canyonlands Field,1356,142.0,91.09,15.15,7.58,0.0,28.18,35,8,9535,5830,1681,498,0,1526,10.471976401179942
45, Cape Girardeau Regional,1222,129.0,89.66,7.0,7.46,0.0,24.88,66,4,13316,10465,377,296,0,2178,10.556464811783961
46, Capital Region International,4154,503.0,214.84,44.24,129.45,1.0,113.45,152,4,36821,18213,5156,4736,33,8683,12.10881078478575
47, Casper/Natrona County International,3288,420.0,259.2,59.38,18.21,0.0,83.21,89,5,31441,16471,8026,940,0,6004,12.773722627737227
48, Cedar City Regional,1035,92.0,66.0,22.92,3.08,0.0,0.0,4,5,7298,4223,3015,60,0,0,8.88888888888889
49, Central Il Regional Airport at Bloomington,4654,650.0,229.64,47.69,154.51,0.0,218.11,150,15,44761,15130,4417,5614,0,19600,13.966480446927374
50, Central Nebraska Regional,1788,212.0,72.0,13.18,65.67,0.0,61.11,68,9,12384,3866,1298,2315,0,4905,11.856823266219239
51, Central Wisconsin,3782,440.0,148.66,52.1,153.23,0.37,85.64,100,21,39341,8629,16969,6058,33,7652,11.634056054997357
52, Charles M. Schulz - Sonoma County,5566,678.0,258.3,13.969999999999999,118.8,0.49,286.41,150,26,44340,20603,673,3978,17,19069,12.18109953287819
53, Charleston AFB/International,39344,6001.0,2450.8,224.61,1645.37,37.63,1642.68,1438,52,340698,141293,19963,61742,1619,116081,15.252643350955672
54, Charlotte Douglas International,372725,40922.0,12771.71,1767.38,11854.51,196.53,14331.880000000001,13081,741,3067152,1204033,177913,495447,9048,1180711,10.97914011670803
55, Charlottesville Albemarle,5111,571.0,198.32,37.56,159.97,1.0,174.23,181,13,35563,11052,4928,6030,25,13528,11.171981999608688
56, Cherry Capital,7824,1124.0,443.96,78.32,341.58,2.39,257.88,195,37,71747,30439,7460,11683,65,22100,14.366053169734153
57, Cheyenne Regional/Jerry Olson Field,366,41.0,24.990000000000002,3.05,4.01,0.0,8.95,23,0,5844,4927,141,265,0,511,11.202185792349727
58, Chicago Midway International,124832,14739.0,5487.84,316.25,3161.1,75.78,5698.07,7365,305,748590,280521,25097,125693,2842,314437,11.807068700333248
59, Chicago O'Hare International,430526,55583.0,18909.22,2628.48,18445.98,163.66,15435.67,16686,779,4511665,1677734,322079,1097800,7634,1406418,12.910486242410446
60, Chicago/Rockford International,1521,249.0,72.72,23.29,81.5,3.43,68.07,88,11,14017,4682,1557,3522,165,4091,16.370808678500985
61, Chippewa County International,1424,138.0,108.05,22.94,5.27,0.0,1.75,14,12,11378,7359,3670,285,0,64,9.691011235955056
62, Chippewa Valley Regional,1429,184.0,126.73,6.91,16.33,0.0,34.04,52,7,17051,12750,393,793,0,3115,12.876137158852345
63, Cincinnati/Northern Kentucky International,60586,9097.0,3125.2,421.36,2306.8,27.93,3215.81,2124,40,586164,212637,40405,95486,1681,235955,15.015019971610602
64, City of Colorado Springs Municipal,17889,3347.0,1742.99,176.92,366.19,3.44,1057.5,526,50,203343,98788,17571,15319,98,71567,18.70982167812622
65, Cleveland-Hopkins International,61192,9150.0,3586.47,370.33,2383.96,64.32,2745.0,2022,52,546215,207793,33427,97396,2855,204744,14.952935024186168
66, Coastal Carolina Regional,3032,404.0,135.68,39.69,116.46000000000001,3.0,109.17,128,11,22397,6951,3746,3662,106,7932,13.324538258575197
67, Cold Bay Airport,262,90.0,11.79,1.37,30.44,21.09,25.3,9,13,3212,548,39,794,661,1170,34.35114503816794
68, Columbia Metropolitan,9967,1177.0,494.56,63.93,281.48,3.89,333.18,304,3,68009,27639,5507,10510,134,24219,11.80896959967894
69, Columbia Regional,2643,456.0,129.36,43.48,48.22,0.0,234.95,198,15,36248,7435,3653,2041,0,23119,17.253121452894437
70, Columbus Airport,2383,228.0,105.13,13.56,68.29,0.0,41.01,35,2,11798,6128,770,2119,0,2781,9.56777171632396
71, Concord Padgett Regional,2379,468.0,135.9,24.99,112.93,2.63,191.59,264,8,30896,10037,1753,6559,144,12403,19.672131147540984
72, Corpus Christi International,7488,1043.0,375.99,63.72,211.29,2.2,389.78,364,9,62207,20993,7632,9146,116,24320,13.928952991452991
73, Cyril E King,10252,1404.0,616.53,38.89,540.84,11.379999999999999,196.24,195,18,77903,39956,3310,18699,812,15126,13.69488880218494
74, Dallas Love Field,110434,17748.0,5316.19,292.05,5981.7699999999995,75.41,6082.599999999999,5852,338,907277,266819,23467,269723,2721,344547,16.071137511998117
75, Dallas/Fort Worth International,506158,82674.0,21368.46,4427.7,30533.52,309.52,26034.83,21139,1867,6348410,2057573,497049,1440377,13400,2340011,16.333634951932005
76, Dane County Regional-Truax Field,17799,2307.0,973.0600000000001,141.13,569.7,4.92,618.33,612,27,138569,63650,10249,20181,189,44300,12.96140232597337
77, Daniel K Inouye International,78476,7621.0,3872.94,166.07999999999998,1341.66,29.89,2210.54,1834,83,421086,237161,14325,42602,1125,125873,9.711249299148784
78, Daytona Beach International,5891,739.0,266.65,38.0,231.41,7.26,195.76,165,7,39852,13914,4060,8542,460,12876,12.544559497538618
79, Deadhorse Airport,1061,135.0,27.990000000000002,32.72,52.07,0.0,22.24,28,5,6649,2171,1706,1548,0,1224,12.723845428840717
80, Decatur Airport,1104,120.0,88.0,8.11,4.85,0.0,19.04,48,1,12115,9684,555,320,0,1556,10.869565217391305
81, Del Rio International,1101,103.0,35.09,5.11,22.58,0.0,40.21,35,2,6468,1919,735,808,0,3006,9.35513169845595
82, Delta County,1278,164.0,121.25,29.07,8.89,0.0,4.8,32,9,19504,13548,5286,425,0,245,12.832550860719873
83, Denver International,459730,65833.0,25943.12,2514.94,20330.15,154.65,16890.18,16991,1120,4402720,1953834,262268,992894,7406,1186318,14.319926913623213
84, Des Moines International,25547,3489.0,1393.95,183.38,810.3,4.77,1096.69,927,45,211486,79372,24211,30915,215,76773,13.657180882295378
85, Detroit Metro Wayne County,238110,24798.0,10861.35,1761.88,5947.5,135.7,6091.7699999999995,5437,225,1867217,965626,192154,245969,6837,456631,10.414514300113394
86, Devils Lake Regional,1243,144.0,33.95,16.1,3.0700000000000003,1.0,89.88,63,4,18022,2901,6117,161,15,8828,11.584875301689461
87, Dickinson - Theodore Roosevelt Regional,386,44.0,31.0,5.0,1.0,0.0,7.0,9,2,6087,2343,3286,100,0,358,11.398963730569948
88, Dillingham Airport,620,76.0,24.16,7.43,21.6,2.0,20.79,30,13,3152,1210,407,561,44,930,12.258064516129032
89, Dodge City Regional,1136,134.0,81.94,13.0,4.0600000000000005,0.0,35.0,36,6,10596,6536,1092,163,0,2805,11.795774647887324
90, Dothan Regional,1964,193.0,98.4,24.1,39.57,1.0,29.92,26,3,13580,6374,3875,1659,66,1606,9.826883910386966
91, Dubuque Regional,1055,153.0,43.93,20.63,47.230000000000004,0.0,41.26,41,4,10043,2453,2816,2015,0,2759,14.502369668246445
92, Duluth International,3777,427.0,243.56,49.75,77.25,0.0,56.43,153,6,29637,16387,5841,2921,0,4488,11.305268731797723
93, Durango La Plata County,6683,979.0,530.83,57.07,65.99,0.0,325.14,210,19,67115,31899,4893,3063,0,27260,14.649109681280862
94, Eagle County Regional,5065,873.0,379.51,80.69,258.84,1.0,152.99,328,65,66233,25122,9869,16157,75,15010,17.23593287265548
95, East Texas Regional,1607,191.0,64.05,13.64,47.55,0.0,65.8,78,4,9932,3621,932,1716,0,3663,11.885500933416305
96, Easterwood Field,2853,270.0,84.67,19.1,84.21,0.0,82.0,144,3,15966,4599,2149,2999,0,6219,9.46372239747634
97, Eglin AFB Destin Fort Walton Beach,18932,3339.0,976.55,188.66,978.27,9.209999999999999,1186.4,830,45,210789,63046,19895,40935,330,86583,17.636805408831606
98, El Paso International,24150,4353.0,1987.28,140.5,645.8100000000001,6.72,1572.71,926,33,272588,120584,13262,24101,277,114364,18.024844720496894
99, Elko Regional,1229,91.0,64.91,22.65,3.44,0.0,0.0,21,10,7271,5027,2150,94,0,0,7.404393816110659
100, Ellison Onizuka Kona International at Keahole,22812,2289.0,1069.39,34.589999999999996,604.29,5.27,575.43,571,20,112333,55847,2581,20467,173,33265,10.034192530247237
101, Elmira/Corning Regional,2318,262.0,145.92000000000002,22.16,63.44,0.58,29.95,101,7,20893,12912,3750,2387,87,1757,11.302847282139776
102, Eppley Airfield,37850,5358.0,2501.63,313.5,992.0,8.83,1542.07,1384,59,290183,129988,26623,34421,294,98857,14.155878467635402
103, Erie International/Tom Ridge Field,1179,133.0,69.57,16.35,18.39,0.0,28.7,21,8,8990,4009,1141,1306,0,2534,11.280746395250212
104, Evansville Regional,4966,518.0,206.3,19.74,147.03,2.08,142.89,165,3,27866,10296,1675,5643,48,10204,10.430930326218284
105, Fairbanks International,7221,1182.0,429.73,25.779999999999998,422.22,3.06,301.27,118,4,52932,22826,2268,13355,106,14377,16.368923971749066
106, Falls International Einarson Field,1238,124.0,68.41,45.55,8.04,1.0,1.0,43,8,14869,3615,10852,360,20,22,10.016155088852988
107, Fayetteville Regional/Grannis Field,6026,705.0,253.06,61.27,179.22,5.22,206.2,161,10,42755,16521,4871,5625,202,15536,11.699303020245603
108, Flagstaff Pulliam,4092,557.0,229.72,24.83,16.8,0.0,285.64,162,16,49170,14070,3422,670,0,31008,13.611925708699902
109, Ford,1421,154.0,105.59,39.57,7.85,0.0,1.0,12,13,10395,6527,3561,269,0,38,10.83743842364532
110, Fort Dodge Regional,521,62.0,45.0,1.0,0.0,0.0,16.0,25,1,12005,9582,89,0,0,2334,11.900191938579654
111, Fort Lauderdale-Hollywood International,151917,25099.0,8619.71,677.41,8925.64,217.1,6659.29,5431,377,1568983,564919,68265,408752,13234,513813,16.521521620358484
112, Fort Smith Regional,2615,313.0,125.05,32.17,49.269999999999996,0.5,106.0,145,5,19024,7746,2549,1622,8,7099,11.969407265774379
113, Fort Wayne International,10754,1551.0,770.14,125.42999999999999,234.72,5.38,415.28,293,25,103531,51693,11928,9587,284,30039,14.42254045006509
114, Francisco C. Ada Saipan International,500,31.0,21.16,1.0,6.72,0.0,2.12,5,1,1685,1390,24,205,0,66,6.2
115, Fresno Yosemite International,19695,2765.0,1482.07,168.17,297.41,4.55,812.8,461,56,174386,89239,16231,11817,173,56926,14.03909621731404
116, Friedman Memorial,3407,383.0,237.39,65.02,53.989999999999995,1.0,25.61,84,81,20128,10980,4429,2889,35,1795,11.241561491047843
117, Gainesville Regional,6987,843.0,306.55,43.97,226.45,2.0,263.97,224,10,49547,17797,3186,7937,44,20583,12.065264061829112
118, Garden City Regional,1377,137.0,53.18,17.03,31.6,0.0,35.2,45,6,9463,2632,3171,1325,0,2335,9.949164851125635
119, General Downing - Peoria International,6411,1032.0,357.3,74.32000000000001,255.15,3.67,341.49,286,13,69738,24361,8226,9951,208,26992,16.09733270940571
120, General Mitchell International,42229,6060.0,2812.8,303.75,949.51,17.080000000000002,1976.77,1567,63,348397,158703,23114,36985,941,128654,14.350327973667385
121, George Bush Intercontinental/Houston,231199,31435.0,10944.04,1989.98,11041.59,84.89,7374.6,8491,560,2203446,894392,198284,514039,5096,591635,13.596512095640554
122, Gerald R. Ford International,28382,4456.0,1815.07,230.21,1019.27,12.19,1379.26,1097,38,276759,114991,22550,38960,629,99629,15.700091607356775
123, Gillette Campbell County,1335,182.0,113.85,14.0,13.96,0.0,40.19,49,5,15450,9296,834,1971,0,3349,13.632958801498127
124, Glacier Park International,8914,1256.0,682.59,110.51,231.86,3.12,227.93,132,25,66280,36005,9532,7359,88,13296,14.090195198564057
125, Golden Triangle Regional,1911,142.0,88.66,14.379999999999999,29.24,0.0,9.73,27,8,9094,5298,1402,1101,0,1293,7.430664573521717
126, Grand Forks International,2562,282.0,166.32999999999998,55.63,39.61,0.0,20.46,105,8,22104,13374,4729,2721,0,1280,11.00702576112412
127, Grand Junction Regional,8289,1042.0,543.71,81.22,144.25,1.38,271.46,249,10,70158,37312,7701,5001,29,20115,12.570877065991073
128, Great Falls International,4944,552.0,349.42,77.2,53.1,1.0,71.28,98,14,37435,26407,4979,1773,67,4209,11.165048543689322
129, Greater Binghamton/Edwin A. Link Field,811,74.0,38.980000000000004,12.879999999999999,15.52,0.0,6.61,25,9,5602,2885,1724,552,0,441,9.124537607891492
130, Greater Rochester International,15822,2055.0,929.95,97.14,431.55,14.83,581.55,660,20,129987,62327,8770,16691,597,41602,12.98824421691316
131, Green Bay Austin Straubel International,7674,830.0,372.89,66.62,220.49,0.84,169.21,249,12,53953,26420,6069,8439,27,12998,10.815741464685953
132, Greenbrier Valley,1231,154.0,104.53,15.98,3.02,0.0,30.48,36,2,14761,8804,1883,1006,0,3068,12.510154346060116
133, Greenville-Spartanburg International,21154,2929.0,1194.46,155.19,699.53,9.76,870.09,707,16,181212,75331,16261,26078,437,63105,13.846081119410043
134, Guam International,1240,139.0,56.730000000000004,0.94,23.26,0.0,58.08,8,0,7617,3349,17,723,0,3528,11.209677419354838
135, Gulfport-Biloxi International,6780,825.0,288.49,58.24,280.68,1.67,195.93,251,17,47564,14741,6894,12402,48,13479,12.168141592920353
136, Gunnison-Crested Butte Regional,1177,158.0,100.34,13.0,9.8,0.0,34.879999999999995,60,10,14612,8011,2680,372,0,3549,13.423959218351742
137, Gustavus Airport,171,15.0,4.09,0.0,6.84,0.0,4.0600000000000005,7,1,642,178,0,314,0,150,8.771929824561402
138, Hagerstown Regional-Richard A. Henson Field,360,57.0,21.95,2.37,12.08,0.0,20.59,20,0,3291,1321,222,466,0,1282,15.833333333333332
139, Harrisburg International,9026,1134.0,465.2,68.46000000000001,272.42,0.6699999999999999,327.29,454,19,69272,31309,5631,10790,31,21511,12.563704852647906
140, Hartsfield-Jackson Atlanta International,568574,54851.0,19692.99,2329.79,16441.3,218.99,16167.93,14145,845,3748489,1726082,216708,686854,11709,1107136,9.647117173841927
141, Hattiesburg-Laurel Regional,1237,150.0,99.79,17.0,4.39,0.0,28.82,58,6,17382,11857,1625,583,0,3317,12.126111560226354
142, Hays Regional,1456,210.0,133.14,12.68,20.43,0.0,43.74,34,4,18030,12584,1203,1250,0,2993,14.423076923076922
143, Hector International,11082,1546.0,786.42,143.61,268.94,2.46,344.57,465,22,110055,53071,17817,10581,97,28489,13.950550442158455
144, Helena Regional,2567,225.0,145.41,33.27,21.75,1.0,23.56,60,14,16244,8886,5013,719,16,1610,8.76509544215037
145, Henry E. Rohlsen,2227,333.0,174.31,13.58,90.47,6.4,48.28,24,2,17296,9527,859,3448,286,3176,14.952851369555455
146, Hilo International,9390,639.0,349.29,12.78,54.49,2.42,220.03,294,9,28547,13840,634,2875,62,11136,6.805111821086262
147, Hilton Head Airport,5757,752.0,235.44,48.71,311.54,5.73,150.58,175,62,51514,17480,7697,13899,264,12174,13.062358867465692
148, Houghton County Memorial,1428,194.0,131.86,19.67,12.879999999999999,0.0,29.59,61,9,17048,11549,3370,428,0,1701,13.585434173669467
149, Huntsville International-Carl T Jones Field,12993,1633.0,602.33,85.98,399.36,4.76,540.59,529,15,95016,35176,7119,14299,283,38139,12.568306010928962
150, Idaho Falls Regional,6058,844.0,446.03,95.12,59.44,1.13,242.34,141,15,58033,29144,6702,2425,106,19656,13.931990756025089
151, Indianapolis International,66460,9624.0,3788.4,358.08,2183.77,62.54,3231.36,2556,51,580735,226132,33695,90489,2572,227847,14.480890761360216
152, Ithaca Tompkins Regional,929,97.0,53.83,10.53,18.39,0.0,14.26,44,5,5582,2664,1198,695,0,1025,10.441334768568353
153, Jack Brooks Regional,1640,180.0,65.27,9.25,52.18,0.19,53.11,56,9,10263,3545,611,2388,14,3705,10.975609756097562
154, Jackson Hole,10470,1630.0,701.16,129.44,401.39,1.67,396.32,253,101,101023,41708,15349,15299,122,28545,15.56829035339064
155, Jackson Medgar Wiley Evers International,12001,1524.0,571.02,79.05,354.21,4.7299999999999995,515.07,493,22,90084,30472,7923,12442,240,39007,12.698941754853763
156, Jacksonville International,42398,6477.0,2762.91,265.68,1668.21,24.78,1755.44,1500,64,367363,154336,22996,66360,973,122698,15.276663993584602
157, James M Cox/Dayton International,14541,1983.0,662.02,116.42,506.81,4.28,693.5,441,15,129910,45289,9979,18842,199,55601,13.637301423560967
158, Jamestown Regional,1939,240.0,143.01,44.89,6.99,0.0,45.11,70,22,29471,13897,11846,329,0,3399,12.377514182568335
159, Joe Foss Field,13145,1895.0,818.95,131.35,439.48,3.45,501.82,573,58,137521,61046,13526,16259,124,46566,14.416127805249143
160, John F. Kennedy International,139692,20448.0,8010.34,531.62,6059.74,135.75,5710.4800000000005,4689,385,1554846,674763,68329,287412,7066,517276,14.637917704664547
161, John Glenn Columbus International,58173,7855.0,3239.29,379.48,1769.19,35.11,2432.05,2015,50,451620,179718,33479,72112,1834,164477,13.502827772334244
162, John Murtha Johnstown-Cambria County,726,96.0,71.0,9.0,2.0,1.0,13.0,32,5,11316,9393,565,88,24,1246,13.223140495867769
163, John Wayne Airport-Orange County,60553,7944.0,3223.96,148.22,1902.99,22.39,2646.52,2364,147,377862,163394,12221,66076,1098,135073,13.119085759582513
164, Joplin Regional,1702,249.0,118.21000000000001,19.79,40.9,1.0,69.11,86,8,17757,8576,2735,1791,67,4588,14.62984723854289
165, Joslin Field - Magic Valley Regional,1985,200.0,145.66,40.0,8.34,0.0,6.0,17,6,16285,10385,5288,302,0,310,10.075566750629724
166, Juneau International,7341,1099.0,320.94,46.08,392.38,16.8,322.77,137,50,51734,18570,2949,12804,476,16935,14.970712436997685
167, Kahului Airport,40205,4926.0,2422.35,81.05,1402.54,20.0,1000.02,967,50,249190,138984,7257,44469,837,57643,12.252207436885959
168, Kalamazoo/Battle Creek International,3600,401.0,177.44,42.75,93.46,1.3,86.03,103,9,30251,12896,7043,3381,42,6889,11.13888888888889
169, Kansas City International,70813,9980.0,4278.23,404.54,1948.33,37.19,3311.65,3089,137,558616,236922,39036,71970,2283,208405,14.093457416011185
170, Kearney Regional,1664,238.0,158.03,18.55,14.19,0.0,47.24,45,10,18808,13321,1532,630,0,3325,14.302884615384615
171, Ketchikan International,3763,569.0,204.01,22.9,199.45,2.35,140.29,52,46,26637,10018,1375,5976,462,8806,15.120914164230667
172, Key Field,1237,154.0,92.1,20.65,12.6,0.0,28.64,38,6,21125,13943,2786,934,0,3462,12.449474535165724
173, Key West International,15839,2616.0,686.32,86.53,1436.18,2.12,404.77,551,63,142891,48011,9959,54287,77,30557,16.516194204179556
174, King Salmon Airport,703,84.0,28.33,7.32,20.96,1.0,26.37,27,2,4216,1302,316,868,17,1713,11.948790896159316
175, Kodiak Airport,1409,165.0,53.730000000000004,23.59,41.05,0.0,46.61,85,1,7545,2381,1200,1412,0,2552,11.710432931156848
176, La Crosse Regional,3627,429.0,238.33,57.87,67.76,2.0,63.06,69,11,32199,18066,7658,2617,163,3695,11.827956989247312
177, LaGuardia,156136,19612.0,6585.18,805.91,7145.43,92.47,4983.02,6962,530,1386786,495775,97190,402849,5235,385737,12.560844392068454
178, Lafayette Regional Paul Fournet Field,6427,801.0,283.0,43.93,208.85,3.76,261.44,260,23,61583,21909,6426,7641,116,25491,12.463046522483273
179, Lake Charles Regional,2339,230.0,78.85,18.57,71.13,0.0,61.45,188,5,16098,6223,1393,2729,0,5753,9.83326207781103
180, Laramie Regional,1213,158.0,92.64,27.82,8.01,0.0,29.54,51,4,16343,10009,2766,1073,0,2495,13.025556471558119
181, Laredo International,3073,326.0,124.82,12.67,92.8,0.0,95.67999999999999,126,3,19572,8115,980,3096,0,7381,10.608525870484868
182, Lawton-Fort Sill Regional,2041,259.0,79.21,28.3,68.76,0.0,82.73,164,11,20629,4628,6543,2423,0,7035,12.68985791278785
183, Lea County Regional,814,125.0,80.52,4.27,23.53,0.0,16.68,17,8,16322,9451,2141,3397,0,1333,15.356265356265355
184, Lehigh Valley International,8108,1153.0,405.11,78.14,270.06,0.94,398.87,425,27,73449,30698,5685,9621,70,27375,14.220522940305871
185, Lewiston Nez Perce County,1707,162.0,118.15,37.0,4.45,0.96,1.45,14,10,11025,6387,4374,179,46,39,9.490333919156415
186, Liberal Mid-America Regional,1212,130.0,75.61,17.0,9.74,0.0,27.65,53,6,10459,6212,2086,521,0,1640,10.726072607260726
187, Lihue Airport,18262,1658.0,814.28,26.98,401.96999999999997,2.9299999999999997,411.93,596,33,79579,40258,2062,12607,75,24577,9.078961778556566
188, Lincoln Airport,2277,308.0,197.36,26.64,37.81,0.0,46.19,136,11,21314,13175,3482,1875,0,2782,13.526570048309178
189, Logan International,164399,21029.0,8701.3,688.86,5227.41,89.29,6322.14,5969,183,1398905,605730,68554,219384,4626,500611,12.79144033722833
190, Long Beach Airport,20868,2652.0,1100.1200000000001,71.09,348.95,10.61,1121.23,720,56,134655,54802,5309,12123,534,61887,12.708453133985048
191, Long Island MacArthur,7681,1346.0,572.37,32.58,263.33,3.64,474.16,430,8,73892,29756,2065,11797,120,30154,17.523759927092826
192, Los Angeles International,298432,39060.0,16923.83,1733.68,9885.44,232.67,10284.41,8602,367,2530313,1212608,149085,370841,11361,786418,13.088408749731933
193, Louis Armstrong New Orleans International,70700,10540.0,4121.73,417.02,2645.53,41.89,3313.78,4744,250,611166,228480,48420,114960,1971,217335,14.908062234794908
194, Louisville Muhammad Ali International,34253,4950.0,2104.04,242.24,1017.7,16.11,1569.95,1367,33,324204,140822,24633,44290,669,113790,14.451288938195194
195, Lovell Field,10158,1129.0,439.96,79.85,268.03000000000003,2.98,338.23,298,12,69602,26176,8951,9732,121,24622,11.114392596967907
196, Lubbock Preston Smith International,10484,1788.0,732.63,92.33,226.96,4.11,731.93,514,24,128168,48429,11131,9632,146,58830,17.054559328500574
197, Luis Munoz Marin International,49752,9447.0,4538.64,399.82,2348.32,102.47,2057.77,1100,66,598968,295470,35640,102114,4640,161104,18.98818137964303
198, Lynchburg Regional/Preston Glenn Field,844,124.0,35.72,11.58,31.27,0.9,44.55,54,3,7676,1898,1139,980,36,3623,14.691943127962084
199, MBS International,2823,267.0,138.38,22.07,77.67999999999999,0.0,28.86,72,4,18099,11092,2313,2513,0,2181,9.458023379383635
200, Mahlon Sweet Field,13417,1807.0,952.11,150.1,236.64,3.16,465.0,355,15,118987,56954,15103,14113,133,32684,13.467988372959677
201, Mammoth Lakes Airport,270,47.0,27.89,4.0,6.05,0.0,9.05,68,2,3676,2192,346,239,0,899,17.40740740740741
202, Manchester-Boston Regional,10177,1503.0,675.89,62.3,204.8,5.73,554.28,413,13,85778,34698,5243,8650,178,37009,14.768595853394912
203, Manhattan Regional,2413,333.0,115.33,15.0,49.42,0.0,153.25,105,7,21660,5062,2511,2561,0,11526,13.800248653128886
204, Martha's Vineyard Airport,1318,247.0,117.55,5.52,48.34,2.36,73.22,41,2,17848,8759,716,2601,43,5729,18.740515933232167
205, Mason City Municipal,525,63.0,40.0,6.0,0.0,0.0,17.0,22,4,9961,7748,771,0,0,1442,12.0
206, McAllen Miller International,7621,1487.0,563.65,74.49,313.99,4.1,530.63,424,11,108277,44971,8565,12942,144,41655,19.511875082010235
207, McCarran International,254000,37202.0,12291.32,1012.71,10883.55,187.04,12827.51,11291,290,2154377,732415,83377,498289,8669,831627,14.646456692913388
208, McGhee Tyson,22373,3384.0,1160.55,206.93,818.46,12.74,1185.36,884,44,231837,77144,22077,38831,637,93148,15.125374335136103
209, Meadows Field,4681,696.0,334.35,24.55,89.06,1.6600000000000001,246.39,111,10,51605,23686,2130,3014,168,22607,14.868617816705832
210, Melbourne International,4604,488.0,185.25,20.95,157.13,0.0,124.66,136,3,26384,9959,2737,5021,0,8667,10.599478714161599
211, Memphis International,35342,5520.0,2465.41,300.38,1188.29,19.52,1546.44,1500,46,324909,141456,28283,45800,1404,107966,15.618810480448191
212, Mercedita,447,56.0,34.120000000000005,0.0,10.219999999999999,1.74,9.91,29,1,3042,2019,0,350,64,609,12.527964205816556
213, Merle K Mudhole Smith,1450,218.0,54.51,9.44,61.87,1.6400000000000001,90.57,50,23,9990,2397,673,2057,37,4826,15.03448275862069
214, Metropolitan Oakland International,66470,8288.0,3441.38,215.04,1164.81,37.85,3428.92,3056,50,412906,174840,13794,41448,1539,181285,12.46878290958327
215, Miami International,148816,22036.0,8304.01,709.59,6837.24,124.09,6061.17,4487,326,1535739,666063,68789,279163,5337,516387,14.807547575529512
216, Midland International Air and Space Port,14377,2343.0,992.01,106.35000000000001,344.55,4.18,895.93,710,20,165859,65959,13652,16002,156,70090,16.296863045141546
217, Minneapolis-St Paul International,221653,21601.0,10234.539999999999,1974.99,4567.82,97.3,4726.29,5525,198,1685152,926720,242776,174802,4469,336385,9.745412875079516
218, Minot International,5004,570.0,323.11,62.489999999999995,102.78999999999999,1.4,80.18,142,14,50478,24764,16338,3968,31,5377,11.390887290167866
219, Missoula International,9114,1291.0,650.59,89.14,264.89,1.0699999999999998,285.25,173,40,76550,37610,11320,8232,55,19333,14.165020847048496
220, Mobile Downtown,46,9.0,2.92,0.0,5.880000000000001,0.0,0.2,6,0,426,286,0,135,0,5,19.565217391304348
221, Mobile Regional,6578,837.0,346.79,70.17,202.81,1.5699999999999998,215.66,256,20,55778,20609,8319,8150,88,18612,12.72423228944968
222, Monroe Regional,4377,446.0,187.72,55.75,114.6,3.13,84.81,166,14,31300,12276,7195,5228,125,6476,10.189627598811972
223, Monterey Regional,6294,941.0,457.40000000000003,37.67,155.99,1.96,288.04,239,37,67503,33455,4602,6066,48,23332,14.950746742929773
224, Montgomery Regional,5347,734.0,310.17,43.95,151.63,3.74,224.46,174,11,56369,23027,7606,5907,163,19666,13.727323732934355
225, Montrose Regional,5116,713.0,351.63,49.61,135.49,0.0,176.3,225,12,45772,20490,4637,5436,0,15209,13.936669272869429
226, Muskegon County,1349,168.0,121.9,9.0,7.42,0.0,29.68,52,1,10928,7577,727,389,0,2235,12.45366938472943
227, Myrtle Beach International,24488,3653.0,1125.32,155.9,1193.76,23.15,1154.8799999999999,825,18,230982,74189,13259,53998,893,88643,14.917510617445279
228, Nantucket Memorial,1972,344.0,147.65,26.509999999999998,93.34,0.0,76.46000000000001,85,11,26787,11386,3077,4844,0,7480,17.44421906693712
229, Nashville International,133690,18103.0,7134.58,637.72,3642.9,65.18,6622.75,5492,200,1030603,409105,51565,147237,3128,419568,13.541027750766698
230, New Castle,118,27.0,11.01,0.0,11.3,0.0,4.68,2,0,1521,620,0,556,0,345,22.88135593220339
231, New York Stewart International,1194,215.0,97.9,15.95,49.73,0.11,51.33,99,7,14073,7417,1110,1674,7,3865,18.00670016750419
232, Newark Liberty International,159372,27534.0,7461.62,818.22,12409.38,100.02,6744.7699999999995,7038,515,1882876,550295,91085,647010,4646,589840,17.27656049996235
233, Newport News/Williamsburg International,1886,252.0,96.71,18.009999999999998,49.730000000000004,0.0,87.58,75,8,18312,6938,2049,1925,1,7399,13.361611876988336
234, Niagara Falls International,947,130.0,47.7,10.72,35.4,0.0,36.17,96,16,9677,4915,854,1581,0,2327,13.727560718057022
235, Nome Airport,995,120.0,35.86,8.58,37.1,0.0,38.48,33,5,5004,1708,493,1126,0,1677,12.060301507537687
236, Norfolk International,31820,4789.0,1965.74,249.83,1124.01,11.73,1437.66,1038,53,298923,121775,21531,46938,383,108296,15.050282840980516
237, Norman Y. Mineta San Jose International,71707,8360.0,3450.6,287.12,1102.6,35.12,3484.57,3258,60,436841,184974,20779,35656,1364,194068,11.65855495279401
238, North Central West Virginia,1652,293.0,175.24,15.66,26.73,2.0,73.37,49,5,28430,16503,2147,2758,95,6927,17.736077481840194
239, North Platte Regional Airport Lee Bird Field,1340,173.0,94.43,15.74,11.57,0.0,51.27,37,7,12557,7080,1092,680,0,3705,12.91044776119403
240, Northwest Arkansas Regional,16585,2122.0,768.83,109.92,542.24,13.78,687.27,679,28,121511,43217,10650,20994,586,46064,12.794694000602954
241, Northwest Florida Beaches International,15990,2561.0,1006.76,84.44,678.97,9.21,781.71,455,33,149456,56355,10966,27418,292,54425,16.016260162601625
242, Ogden-Hinckley,199,32.0,12.67,0.15,5.86,0.0,13.309999999999999,14,0,1528,734,4,156,0,634,16.08040201005025
243, Ogdensburg International,1285,217.0,162.62,15.0,6.64,0.0,32.75,71,20,26176,20724,1722,296,0,3434,16.88715953307393
244, Ontario International,36195,5105.0,2405.92,160.46,712.0,13.879999999999999,1812.78,1262,82,279012,128280,13509,25492,496,111235,14.10415803287747
245, Orlando International,228676,37569.0,13032.29,860.25,12405.15,176.05,11095.28,7696,656,2315061,846136,83434,557796,7939,819756,16.42892126851965
246, Orlando Sanford International,18699,4314.0,1098.77,248.32,991.01,16.05,1959.8600000000001,1747,34,333806,115614,19840,52449,914,144989,23.0707524466549
247, Owensboro Daviess County Regional,199,31.0,6.7,4.96,4.33,0.0,15.02,16,0,1588,378,168,135,0,907,15.577889447236181
248, Pago Pago International,32,11.0,10.2,0.8,0.0,0.0,0.0,3,0,2190,1957,233,0,0,0,34.375
249, Palm Beach International,38857,6352.0,2385.65,141.99,2404.05,19.41,1401.0,1567,62,379504,152320,15984,106730,812,103658,16.347118923231335
250, Palm Springs International,22711,3012.0,1362.66,129.37,538.41,7.44,974.1700000000001,748,52,168130,71115,12236,22278,385,62116,13.262295803795517
251, Pangborn Memorial,810,76.0,34.57,3.87,8.53,0.0,29.01,13,0,3787,1593,121,337,0,1736,9.382716049382717
252, Pellston Regional Airport of Emmet County,1754,203.0,149.92,43.5,6.21,0.0,3.37,33,11,23812,14435,8970,144,0,263,11.573546180159635
253, Pensacola International,21896,3480.0,1330.1,187.89000000000001,979.68,11.93,970.4300000000001,754,66,214052,79775,27872,37376,635,68394,15.893313847278042
254, Petersburg James A Johnson,1452,219.0,35.92,12.93,58.77,0.0,111.35,22,17,12029,1862,498,2106,0,7563,15.082644628099173
255, Philadelphia International,153951,20482.0,7158.84,920.52,6123.46,135.46,6143.76,5402,248,1453513,541093,75115,282075,5665,549565,13.304233165097987
256, Phoenix - Mesa Gateway,11390,2772.0,665.28,127.12,629.36,23.009999999999998,1327.19,671,17,192249,58243,13891,28066,840,91209,24.337137840210712
257, Phoenix Sky Harbor International,282866,36110.0,13627.88,1049.6,8230.08,158.33,13044.15,9160,388,2456647,1065773,99844,283436,8441,999153,12.765761880183549
258, Piedmont Triad International,15270,2112.0,753.38,122.28,555.89,6.35,674.1899999999999,586,21,130861,45151,12254,22307,192,50957,13.831041257367389
259, Pierre Regional,1203,167.0,97.84,20.08,13.55,0.0,35.53,32,6,17131,11699,2199,1182,0,2051,13.881961762261014
260, Pittsburgh International,61666,8534.0,3426.93,385.61,1790.12,41.9,2889.35,2273,52,518983,207435,33145,75954,1708,200741,13.8390685304706
261, Plattsburgh International,1884,291.0,168.11,30.69,41.03,1.6400000000000001,49.57,149,16,33704,22068,4075,2200,44,5317,15.445859872611464
262, Pocatello Regional,1794,140.0,107.17,28.0,4.83,0.0,0.0,17,4,11713,8644,2942,127,0,0,7.803790412486064
263, Portland International,91949,12239.0,4948.44,451.83,2687.33,40.7,4110.68,2527,83,658414,274763,32131,88580,1964,260976,13.310639593687807
264, Portland International Jetport,16310,2310.0,896.09,92.16,606.84,4.73,710.12,518,29,139741,51471,10397,25528,315,52030,14.163090128755366
265, Portsmouth International at Pease,642,96.0,37.11,9.9,29.05,0.0,19.94,32,15,6727,3920,933,923,0,951,14.953271028037381
266, Prescott Regional Ernest A Love Field,1555,204.0,122.42,10.0,7.17,1.0,63.41,22,6,19292,11342,2206,608,22,5114,13.118971061093248
267, Provo Municipal,1626,298.0,104.1,10.56,69.99,2.0,111.32000000000001,153,1,18241,6935,1060,5261,35,4950,18.327183271832716
268, Pueblo Memorial,1362,155.0,94.87,16.58,14.95,0.0,28.61,41,5,21039,13093,4067,498,0,3381,11.380323054331864
269, Pullman Moscow Regional,966,112.0,44.17,5.6899999999999995,20.05,0.82,41.26,17,3,5130,1858,344,655,18,2255,11.594202898550725
270, Punta Gorda Airport,11695,2998.0,673.9,170.54,924.97,8.76,1219.82,724,39,206046,56800,13871,42714,272,92389,25.634886703719538
271, Quad City International,7060,1017.0,408.6,72.06,251.94,2.05,282.4,301,15,74022,28190,10300,10518,91,24923,14.405099150141643
272, Quincy Regional-Baldwin Field,9,1.0,1.0,0.0,0.0,0.0,0.0,0,0,74,74,0,0,0,0,11.11111111111111
273, Rafael Hernandez,2160,665.0,320.28000000000003,26.37,168.15,5.11,145.09,98,3,42348,20778,2750,8619,238,9963,30.787037037037035
274, Raleigh-Durham International,78016,10126.0,4420.8,378.98,2200.49,46.65,3079.02,2737,80,622144,270364,37089,90553,2444,221694,12.97938884331419
275, Ralph Wien Memorial,995,113.0,36.54,6.63,38.45,0.62,30.759999999999998,50,6,5886,2640,395,1300,18,1533,11.35678391959799
276, Range Regional,1226,106.0,61.86,35.49,6.66,1.0,1.0,27,0,15649,4994,10272,274,18,91,8.64600326264274
277, Rapid City Regional,10078,1547.0,747.08,117.53,252.16,2.0,428.28,285,33,102896,42788,14750,8536,38,36784,15.350267910299662
278, Redding Municipal,1919,294.0,190.39,5.9399999999999995,31.23,0.0,66.44,55,2,23683,16234,1081,1333,0,5035,15.320479416362689
279, Reno/Tahoe International,33702,5044.0,2298.12,268.06,738.1800000000001,15.83,1723.91,1285,96,287876,131038,20206,26013,624,109995,14.966470832591538
280, Rhinelander/Oneida County,1620,174.0,130.19,30.97,8.21,0.0,4.63,34,4,16062,9847,5672,250,0,293,10.74074074074074
281, Richmond International,27890,3841.0,1676.1,177.17000000000002,865.59,27.09,1095.19,1092,40,234580,105799,16370,34069,1063,77279,13.77196127644317
282, Rick Husband Amarillo International,8086,1493.0,660.66,74.79,228.52,1.0499999999999998,527.95,420,19,104813,41967,10228,10659,78,41881,18.464011872372
283, Rickenbacker International,2220,479.0,156.63,40.4,102.13,6.63,173.22,167,2,37493,16608,2422,6825,356,11282,21.576576576576574
284, Riverton Regional,1072,174.0,94.73,18.8,35.17,1.92,23.38,45,8,20958,13819,3788,1937,90,1324,16.23134328358209
285, Roanoke Blacksburg Regional Woodrum Field,3165,317.0,133.24,39.14,76.61,0.93,67.09,125,26,20630,7905,5343,2999,99,4284,10.015797788309637
286, Robert Gray AAF,5078,726.0,272.52,55.99,159.01,0.46,238.06,253,12,45482,15297,5866,6604,28,17687,14.296967309964554
287, Roberts Field,11996,1419.0,777.88,118.57,163.18,6.13,353.24,269,24,89331,45447,11622,5287,380,26595,11.828942980993665
288, Rochester International,4976,528.0,263.43,65.52,96.88,2.0,100.21000000000001,182,13,36290,20262,5905,3330,172,6621,10.610932475884244
289, Rogue Valley International - Medford,12238,1571.0,829.67,126.18,215.17,3.13,396.87,287,48,99864,49634,16379,9013,137,24701,12.837064879882334
290, Ronald Reagan Washington National,147671,17983.0,6143.37,626.09,4656.16,73.28,6484.16,6260,386,1215093,446457,56594,203694,3674,504674,12.177746476965687
291, Roswell International Air Center,1947,267.0,82.68,18.34,14.28,1.0,150.71,91,3,23699,6433,2171,747,21,14327,13.713405238828969
292, Sacramento International,76653,10287.0,4433.21,383.7,1464.05,38.49,3967.54,2712,62,557079,245773,28802,51250,1944,229310,13.4202183867559
293, Salina Regional,1333,200.0,116.59,15.0,9.370000000000001,0.0,59.04,30,7,19240,10697,4756,263,0,3524,15.003750937734434
294, Salt Lake City International,211534,24249.0,11863.79,1996.56,5123.04,55.8,5209.85,4229,220,1691438,917776,216133,185465,2794,369270,11.463405410005011
295, San Angelo Regional/Mathis Field,3399,396.0,141.78,27.73,100.12,0.96,125.4,173,4,26582,9453,3808,3940,27,9354,11.650485436893204
296, San Antonio International,52128,8149.0,3723.0,305.94,1540.74,22.74,2556.55,2421,117,435964,192448,25984,57029,1055,159448,15.63267341927563
297, San Diego International,118355,14694.0,6097.4,402.2,3235.54,54.37,4904.61,4473,223,751706,322396,36853,106638,2036,283783,12.415191584639432
298, San Francisco International,188204,23366.0,9912.48,896.22,6553.77,58.43,5945.2,6207,270,1550380,719801,77473,306722,4161,442223,12.415251535567789
299, San Luis County Regional,7794,969.0,518.47,44.76,135.60999999999999,1.0,269.15999999999997,176,18,71345,39165,3551,6281,58,22290,12.432640492686682
300, San Luis Valley Regional/Bergman Field,731,85.0,53.0,8.0,1.0,0.0,23.0,14,2,13545,10933,669,20,0,1923,11.627906976744185
301, Santa Barbara Municipal,11023,1602.0,797.13,62.86,229.63,2.33,510.03,341,43,106056,52568,7057,9127,74,37230,14.533248661888779
302, Santa Fe Municipal,3056,477.0,172.25,21.87,25.77,0.0,257.12,127,7,37429,11018,2486,1027,0,22898,15.608638743455497
303, Santa Maria Public/Capt. G. Allan Hancock Field,487,91.0,32.24,4.13,19.4,1.17,34.06,36,2,5517,2437,353,962,27,1738,18.68583162217659
304, Sarasota/Bradenton International,24462,4292.0,1435.89,141.24,1489.1100000000001,7.93,1217.85,879,62,246501,88175,14625,59145,359,84197,17.54558090098929
305, Savannah/Hilton Head International,28675,4296.0,1555.57,178.8,1281.06,8.57,1272.07,1101,35,269742,95872,19629,51077,375,102789,14.981691368788145
306, Sawyer International,2539,376.0,221.75,64.31,51.47,1.0,37.47,36,24,38351,17872,15370,2245,17,2847,14.808979913351713
307, Scott AFB/MidAmerica,2444,467.0,131.58,35.19,118.35,9.16,172.72,175,14,29265,10978,2448,4986,696,10157,19.108019639934533
308, Seattle/Tacoma International,269204,33424.0,11342.07,1311.29,12234.16,121.16000000000001,8414.25,6431,383,1821802,747440,120807,403658,4320,545068,12.415863062955975
309, Shenandoah Valley Regional,1402,220.0,156.05,16.38,11.719999999999999,0.0,35.84,38,6,20936,14083,2447,543,0,3863,15.691868758915833
310, Sheppard AFB/Wichita Falls Municipal,2045,246.0,61.68,16.26,98.04,0.0,70.03,111,1,12500,3266,1733,3313,0,4188,12.029339853300733
311, Sheridan County,1184,149.0,99.69,17.81,6.12,0.0,25.39,35,5,14461,8393,3627,365,0,2076,12.58445945945946
312, Shreveport Regional,9375,1085.0,424.0,72.3,270.77,3.75,314.17,372,16,63483,25006,7131,9491,122,21733,11.573333333333332
313, Sioux Gateway Brig Gen Bud Day Field,1653,232.0,118.81,12.72,35.25,0.0,65.22,66,3,15712,9908,827,1180,0,3797,14.035087719298245
314, Sitka Rocky Gutierrez,1868,345.0,91.56,11.95,91.24000000000001,1.0,149.25,32,8,14867,4123,733,2969,45,6997,18.468950749464668
315, Snohomish County,2756,449.0,141.48,20.52,144.6,0.14,142.26,69,6,23844,7391,2339,5619,10,8485,16.291727140783742
316, South Bend International,10427,1440.0,738.62,137.36,236.4,2.0700000000000003,325.55,291,36,102723,51295,16306,9253,92,25777,13.810300182219237
317, Southwest Florida International,70670,10452.0,3859.22,261.18,3634.9900000000002,28.68,2667.84,2383,184,601326,233864,25336,151560,1376,189190,14.789868402433848
318, Southwest Georgia Regional,1814,144.0,69.97,12.870000000000001,48.24,0.0,12.91,24,3,8017,4522,862,1923,0,710,7.938257993384785
319, Southwest Oregon Regional,652,91.0,63.0,9.0,4.0,0.0,15.0,26,15,5684,3956,449,357,0,922,13.957055214723926
320, Southwest Wyoming Regional,1129,148.0,98.28,15.0,8.2,0.0,26.52,41,5,14670,10655,1763,561,0,1691,13.108945969884852
321, Spokane International,30584,4180.0,2029.78,213.2,756.09,15.11,1165.86,649,16,217709,107467,16133,24286,626,69197,13.667277007585666
322, Springfield-Branson National,13665,1805.0,724.82,124.58,434.37,10.02,511.24,486,38,102314,37021,11909,18135,482,34767,13.208927918038786
323, St George Regional,6494,775.0,471.05,86.15,46.44,0.0,171.36,80,12,55392,29418,9583,1806,0,14585,11.93409300893132
324, St Louis Lambert International,92970,11075.0,4870.89,433.07,1894.45,35.47,3840.02,3875,111,605300,266070,36641,72119,1453,228997,11.91244487469076
325, St Pete Clearwater International,14830,3346.0,725.72,232.12,851.67,10.37,1526.18,1081,63,248030,73268,17145,44990,367,112260,22.56237356709373
326, St. Cloud Regional,291,37.0,11.219999999999999,2.75,14.18,1.61,7.24,25,5,1462,617,94,304,215,232,12.714776632302405
327, Stillwater Regional,1118,109.0,38.92,7.39,20.5,0.0,42.2,44,3,5923,1684,642,1047,0,2550,9.749552772808586
328, Stockton Metropolitan,1375,231.0,83.53999999999999,12.99,45.46,3.8,85.21,136,9,15866,7058,2181,2381,143,4103,16.8
329, Syracuse Hancock International,15671,2287.0,939.49,116.77,567.04,6.51,657.27,688,33,145965,59807,11369,24695,303,49791,14.593835747559186
330, Tallahassee International,9481,1218.0,465.85,72.92,316.99,0.9400000000000001,361.25,300,29,80936,31721,8830,11150,38,29197,12.8467461238266
331, Tampa International,120718,17715.0,6798.53,510.78,5135.7,86.14,5183.86,4466,300,1029137,404509,46965,214130,3839,359694,14.674696399874087
332, Ted Stevens Anchorage International,31536,5819.0,1570.66,143.62,2203.04,448.5,1453.25,715,48,268412,81390,12682,70940,16656,86744,18.451927955352613
333, Texarkana Regional-Webb Field,1856,189.0,53.22,21.099999999999998,56.35,1.5,56.85,68,7,12815,4212,2246,2159,44,4154,10.183189655172415
334, The Eastern Iowa,14450,2051.0,875.5699999999999,129.15,469.49,3.3000000000000003,573.47,562,59,140412,59650,14496,20456,459,45351,14.193771626297577
335, Theodore Francis Green State,20005,3012.0,1309.74,159.03,605.36,11.01,926.8,973,37,179533,75999,14058,25288,484,63704,15.056235941014744
336, Toledo Express,1681,241.0,83.94,28.7,72.24,0.46,55.65,89,7,13564,5335,2425,2567,30,3207,14.336704342653183
337, Trenton Mercer,3124,637.0,202.45,9.89,207.14,0.0,217.51,125,8,44263,13745,1064,10530,0,18924,20.390524967989755
338, Tri Cities,13690,1544.0,827.15,184.0,185.37,6.97,340.54,344,31,97826,52307,16047,7226,280,21966,11.278305332359388
339, Tri-State/Milton J. Ferguson Field,1025,192.0,66.84,14.82,39.370000000000005,5.2700000000000005,65.69,64,7,11600,4583,760,1706,289,4262,18.73170731707317
340, Tucson International,28074,4126.0,2111.4,256.36,584.8100000000001,11.63,1161.72,872,40,245646,122372,18576,22101,416,82181,14.696872551114911
341, Tulsa International,23966,3720.0,1719.19,167.05,521.36,17.12,1295.32,959,38,211411,90708,13895,19817,917,86074,15.521989485103896
342, Tweed New Haven,602,50.0,16.62,1.69,13.67,0.0,18.0,41,4,2570,739,97,475,0,1259,8.305647840531561
343, Tyler Pounds Regional,2510,281.0,65.26,38.07,76.04,1.33,100.34,175,4,16749,3912,3663,3056,56,6062,11.195219123505975
344, University Park,1642,168.0,89.48,17.49,35.9,0.0,25.12,107,7,11680,7109,1487,1657,0,1427,10.23142509135201
345, University of Illinois/Willard,2962,387.0,114.88,45.2,113.13,2.0,111.81,163,11,23846,5578,5640,3995,46,8587,13.065496286293046
346, Valdosta Regional,2021,219.0,105.37,25.979999999999997,65.14,0.0,22.48,26,14,17081,6577,6582,2454,0,1468,10.836219693221178
347, Valley International,5885,875.0,389.38,38.78,104.95,3.37,338.52,229,13,49064,21515,2996,4749,133,19671,14.868309260832625
348, Vernal Regional,1214,139.0,74.71,13.83,9.92,0.0,40.54,57,15,10470,6132,997,483,0,2858,11.449752883031302
349, Victoria Regional,716,61.0,35.0,6.0,2.0,0.0,18.0,22,4,13604,10756,1106,167,0,1575,8.519553072625698
350, Waco Regional,2766,278.0,94.95,21.26,77.28999999999999,0.0,84.52,160,3,13793,4220,1590,2740,0,5243,10.05061460592914
351, Walla Walla Regional,759,86.0,31.23,4.47,10.49,1.0,38.8,18,2,3809,1606,325,350,50,1478,11.330698287220025
352, Washington Dulles International,92183,11512.0,4116.16,690.36,3811.6,16.32,2877.59,3212,156,789358,326185,65335,166391,778,230669,12.488202813967868
353, Waterloo Regional,1014,93.0,17.87,6.99,27.8,1.0,39.33,42,0,5217,1017,439,1092,70,2599,9.171597633136095
354, Watertown Regional,1224,137.0,97.66,9.54,6.76,0.0,23.04,37,10,8949,6075,755,464,0,1655,11.192810457516341
355, Waynesville-St. Robert Regional Forney Field,142,4.0,3.0,1.0,0.0,0.0,0.0,10,0,594,223,371,0,0,0,2.8169014084507045
356, Westchester County,10206,1833.0,721.79,67.87,457.69,9.54,576.11,436,56,128864,49980,7172,18655,790,52267,17.96002351557907
357, Western Neb. Regional/William B. Heilig Field,1304,170.0,102.35,10.18,11.59,0.0,45.88,40,4,19678,15627,597,558,0,2896,13.03680981595092
358, Wichita Dwight D Eisenhower National,16000,2336.0,1077.69,107.1,453.15,7.43,690.62,624,21,135248,59067,10027,17049,241,48864,14.6
359, Wiley Post/Will Rogers Memorial,791,139.0,44.36,6.06,49.980000000000004,0.0,38.59,19,8,6475,3011,220,1430,0,1814,17.572692793931733
360, Wilkes Barre Scranton International,3848,529.0,201.02,49.83,150.64000000000001,4.37,123.19,172,7,30314,12804,3929,5196,204,8181,13.747401247401248
361, Will Rogers World,35356,5559.0,2701.17,300.8,829.67,12.86,1714.52,1295,54,338807,161124,28860,32555,402,115866,15.722932458422898
362, William P Hobby,91026,12576.0,4355.64,285.12,3124.85,46.230000000000004,4764.17,4719,191,652878,227534,24274,117885,1857,281328,13.815832838969087
363, Williamsport Regional,71,7.0,3.02,0.87,2.07,0.0,1.04,0,0,1894,1046,76,42,0,730,9.859154929577464
364, Williston Basin International,1758,287.0,165.12,46.37,14.42,0.0,61.1,54,18,32768,14055,12810,1991,0,3912,16.32536973833902
365, Wilmington International,10468,1293.0,442.41,69.24,355.09000000000003,5.59,420.7,373,10,74676,23886,6788,12118,186,31698,12.351929690485289
366, Worcester Regional,886,117.0,74.53,2.58,13.55,0.17,26.189999999999998,67,8,7576,5272,173,400,5,1726,13.205417607223477
367, Wrangell Airport,1452,229.0,41.39,8.53,63.42,4.32,111.31,24,15,12422,2366,412,2105,88,7451,15.771349862258955
368, Yakima Air Terminal/McAllister Field,754,94.0,41.25,3.0700000000000003,8.6,0.0,41.08,11,0,3837,1701,160,276,0,1700,12.46684350132626
369, Yakutat Airport,1450,209.0,28.09,12.35,69.14,1.95,97.48,30,64,9517,1172,588,2287,58,5412,14.413793103448274
370, Yampa Valley,3844,600.0,285.19,40.54,141.66,3.0,129.61,133,23,33314,16589,3225,5573,125,7802,15.608740894901144
371, Yeager,5439,726.0,259.61,60.17,212.68,5.34,188.21,221,23,44852,15789,6383,7502,266,14912,13.348041919470491
372, Yellowstone,709,73.0,49.0,14.0,0.0,0.0,10.0,3,9,4890,3316,679,0,0,895,10.296191819464035
373, Yellowstone Regional,1312,214.0,160.0,27.0,4.0,0.0,23.0,38,19,17614,9969,4608,884,0,2153,16.3109756097561
374, Yuma MCAS/Yuma International,3332,464.0,193.54,14.790000000000001,26.84,0.06,228.78,88,4,37650,11556,1555,1299,6,23234,13.925570228091235
